<?xml version="1.0" encoding="UTF-8"?>
<root>
  <item name="com.facebook.imagepipeline.core.ImagePipelineConfig int getMemoryChunkType()">
    <annotation name="androidx.annotation.IntDef">
      <val name="value" val="{com.facebook.imagepipeline.core.MemoryChunkType.NATIVE_MEMORY, com.facebook.imagepipeline.core.MemoryChunkType.BUFFER_MEMORY, com.facebook.imagepipeline.core.MemoryChunkType.ASHMEM_MEMORY}" />
    </annotation>
  </item>
  <item name="com.facebook.imagepipeline.core.ImagePipelineConfig int getMemoryChunkType(com.facebook.imagepipeline.core.ImagePipelineConfig.Builder, com.facebook.imagepipeline.core.ImagePipelineExperiments)">
    <annotation name="androidx.annotation.IntDef">
      <val name="value" val="{com.facebook.imagepipeline.core.MemoryChunkType.NATIVE_MEMORY, com.facebook.imagepipeline.core.MemoryChunkType.BUFFER_MEMORY, com.facebook.imagepipeline.core.MemoryChunkType.ASHMEM_MEMORY}" />
    </annotation>
  </item>
  <item name="com.facebook.imagepipeline.core.ImagePipelineConfig java.lang.Integer getImageTranscoderType()">
    <annotation name="androidx.annotation.IntDef">
      <val name="value" val="{com.facebook.imagepipeline.core.ImageTranscoderType.NATIVE_TRANSCODER, com.facebook.imagepipeline.core.ImageTranscoderType.JAVA_TRANSCODER}" />
    </annotation>
  </item>
  <item name="com.facebook.imagepipeline.core.ImagePipelineConfig mImageTranscoderType">
    <annotation name="androidx.annotation.IntDef">
      <val name="value" val="{com.facebook.imagepipeline.core.ImageTranscoderType.NATIVE_TRANSCODER, com.facebook.imagepipeline.core.ImageTranscoderType.JAVA_TRANSCODER}" />
    </annotation>
  </item>
  <item name="com.facebook.imagepipeline.core.ImagePipelineConfig mMemoryChunkType">
    <annotation name="androidx.annotation.IntDef">
      <val name="value" val="{com.facebook.imagepipeline.core.MemoryChunkType.NATIVE_MEMORY, com.facebook.imagepipeline.core.MemoryChunkType.BUFFER_MEMORY, com.facebook.imagepipeline.core.MemoryChunkType.ASHMEM_MEMORY}" />
    </annotation>
  </item>
  <item name="com.facebook.imagepipeline.core.ImagePipelineConfig.Builder com.facebook.imagepipeline.core.ImagePipelineConfig.Builder setImageTranscoderType(int) 0">
    <annotation name="androidx.annotation.IntDef">
      <val name="value" val="{com.facebook.imagepipeline.core.ImageTranscoderType.NATIVE_TRANSCODER, com.facebook.imagepipeline.core.ImageTranscoderType.JAVA_TRANSCODER}" />
    </annotation>
  </item>
  <item name="com.facebook.imagepipeline.core.ImagePipelineConfig.Builder com.facebook.imagepipeline.core.ImagePipelineConfig.Builder setMemoryChunkType(int) 0">
    <annotation name="androidx.annotation.IntDef">
      <val name="value" val="{com.facebook.imagepipeline.core.MemoryChunkType.NATIVE_MEMORY, com.facebook.imagepipeline.core.MemoryChunkType.BUFFER_MEMORY, com.facebook.imagepipeline.core.MemoryChunkType.ASHMEM_MEMORY}" />
    </annotation>
  </item>
  <item name="com.facebook.imagepipeline.core.ImagePipelineConfig.Builder java.lang.Integer getImageTranscoderType()">
    <annotation name="androidx.annotation.IntDef">
      <val name="value" val="{com.facebook.imagepipeline.core.ImageTranscoderType.NATIVE_TRANSCODER, com.facebook.imagepipeline.core.ImageTranscoderType.JAVA_TRANSCODER}" />
    </annotation>
  </item>
  <item name="com.facebook.imagepipeline.core.ImagePipelineConfig.Builder java.lang.Integer getMemoryChunkType()">
    <annotation name="androidx.annotation.IntDef">
      <val name="value" val="{com.facebook.imagepipeline.core.MemoryChunkType.NATIVE_MEMORY, com.facebook.imagepipeline.core.MemoryChunkType.BUFFER_MEMORY, com.facebook.imagepipeline.core.MemoryChunkType.ASHMEM_MEMORY}" />
    </annotation>
  </item>
  <item name="com.facebook.imagepipeline.core.ImagePipelineConfig.Builder mImageTranscoderType">
    <annotation name="androidx.annotation.IntDef">
      <val name="value" val="{com.facebook.imagepipeline.core.ImageTranscoderType.NATIVE_TRANSCODER, com.facebook.imagepipeline.core.ImageTranscoderType.JAVA_TRANSCODER}" />
    </annotation>
  </item>
  <item name="com.facebook.imagepipeline.core.ImagePipelineConfig.Builder mMemoryChunkType">
    <annotation name="androidx.annotation.IntDef">
      <val name="value" val="{com.facebook.imagepipeline.core.MemoryChunkType.NATIVE_MEMORY, com.facebook.imagepipeline.core.MemoryChunkType.BUFFER_MEMORY, com.facebook.imagepipeline.core.MemoryChunkType.ASHMEM_MEMORY}" />
    </annotation>
  </item>
  <item name="com.facebook.imagepipeline.core.ImagePipelineConfigInterface int getMemoryChunkType()">
    <annotation name="androidx.annotation.IntDef">
      <val name="value" val="{com.facebook.imagepipeline.core.MemoryChunkType.NATIVE_MEMORY, com.facebook.imagepipeline.core.MemoryChunkType.BUFFER_MEMORY, com.facebook.imagepipeline.core.MemoryChunkType.ASHMEM_MEMORY}" />
    </annotation>
  </item>
  <item name="com.facebook.imagepipeline.core.ImagePipelineConfigInterface java.lang.Integer getImageTranscoderType()">
    <annotation name="androidx.annotation.IntDef">
      <val name="value" val="{com.facebook.imagepipeline.core.ImageTranscoderType.NATIVE_TRANSCODER, com.facebook.imagepipeline.core.ImageTranscoderType.JAVA_TRANSCODER}" />
    </annotation>
  </item>
  <item name="com.facebook.imagepipeline.core.ImageTranscoderType">
    <annotation name="androidx.annotation.IntDef">
      <val name="value" val="{com.facebook.imagepipeline.core.ImageTranscoderType.NATIVE_TRANSCODER, com.facebook.imagepipeline.core.ImageTranscoderType.JAVA_TRANSCODER}" />
    </annotation>
  </item>
  <item name="com.facebook.imagepipeline.core.MemoryChunkType">
    <annotation name="androidx.annotation.IntDef">
      <val name="value" val="{com.facebook.imagepipeline.core.MemoryChunkType.NATIVE_MEMORY, com.facebook.imagepipeline.core.MemoryChunkType.BUFFER_MEMORY, com.facebook.imagepipeline.core.MemoryChunkType.ASHMEM_MEMORY}" />
    </annotation>
  </item>
</root>

