<?xml version="1.0" encoding="UTF-8"?>
<root>
  <item name="com.facebook.imagepipeline.transcoder.MultiImageTranscoderFactory MultiImageTranscoderFactory(int, boolean, com.facebook.imagepipeline.transcoder.ImageTranscoderFactory, java.lang.Integer, boolean) 3">
    <annotation name="androidx.annotation.IntDef">
      <val name="value" val="{com.facebook.imagepipeline.core.ImageTranscoderType.NATIVE_TRANSCODER, com.facebook.imagepipeline.core.ImageTranscoderType.JAVA_TRANSCODER}" />
    </annotation>
  </item>
  <item name="com.facebook.imagepipeline.transcoder.MultiImageTranscoderFactory mImageTranscoderType">
    <annotation name="androidx.annotation.IntDef">
      <val name="value" val="{com.facebook.imagepipeline.core.ImageTranscoderType.NATIVE_TRANSCODER, com.facebook.imagepipeline.core.ImageTranscoderType.JAVA_TRANSCODER}" />
    </annotation>
  </item>
</root>

