<?xml version="1.0" encoding="UTF-8"?>
<root>
  <item name="com.facebook.widget.text.span.BetterImageSpan BetterImageSpan(android.graphics.drawable.Drawable, int) 1">
    <annotation name="androidx.annotation.IntDef">
      <val name="value" val="{com.facebook.widget.text.span.BetterImageSpan.ALIGN_BASELINE, com.facebook.widget.text.span.BetterImageSpan.ALIGN_BOTTOM, com.facebook.widget.text.span.BetterImageSpan.ALIGN_CENTER}" />
    </annotation>
  </item>
  <item name="com.facebook.widget.text.span.BetterImageSpan int normalizeAlignment(int)">
    <annotation name="androidx.annotation.IntDef">
      <val name="value" val="{com.facebook.widget.text.span.BetterImageSpan.ALIGN_BASELINE, com.facebook.widget.text.span.BetterImageSpan.ALIGN_BOTTOM, com.facebook.widget.text.span.BetterImageSpan.ALIGN_CENTER}" />
    </annotation>
  </item>
  <item name="com.facebook.widget.text.span.BetterImageSpan.BetterImageSpanAlignment">
    <annotation name="androidx.annotation.IntDef">
      <val name="value" val="{com.facebook.widget.text.span.BetterImageSpan.ALIGN_BASELINE, com.facebook.widget.text.span.BetterImageSpan.ALIGN_BOTTOM, com.facebook.widget.text.span.BetterImageSpan.ALIGN_CENTER}" />
    </annotation>
  </item>
</root>

